OrderLineID,OrderID,ProductID,Quantity,OrderYear
OL0090,O1185,83280225,8,2015
OL0402,O8215,87723540,5,2016
OL0469,O1091,20276007,6,2017
OL0578,O6133,77143339,7,2014
OL0808,O7647,68820853,2,2018
OL1002,O7650,85840727,3,2016
OL1031,O9572,86641830,1,2015
OL1236,O9216,81760682,3,2016
OL1237,O9572,37227230,8,2017
OL1353,O8212,7004833,2,2016
OL1461,O8215,87775244,1,2018
OL1562,O0610,65134426,2,2015
OL1879,O0704,60450341,3,2015
OL2019,O5754,94815707,6,2015
OL2304,O8212,390039,5,2015
OL2329,O0610,1104912,4,2017
OL2847,O8212,73043554,4,2014
OL3016,O1185,83990926,4,2014
OL3434,O6133,14999000,2,2018
OL3504,O2478,98230615,1,2015
OL3648,O7650,86638016,4,2017
OL3714,O5754,95704102,5,2019
OL4035,O8793,45090354,1,2017
OL5435,O0610,12765360,2,2014
OL6406,O9572,38365886,10,2014
OL6501,O2365,49004875,3,2014
OL6506,O0704,56485252,4,2017
OL6655,O2553,54133932,10,2019
OL6751,O0704,59804269,5,2014
OL6800,O2553,55302631,1,2014
OL7002,O0610,12358519,5,2018
OL7353,O6133,1570928,8,2016
OL7850,O9216,99497104,10,2018
OL7939,O8212,72985273,9,2015
OL8167,O6133,76203459,7,2017
OL8260,O0704,55790099,3,2019
OL8463,O7647,69770644,9,2018
OL8546,O8215,87551106,7,2015
OL8624,O2553,54814143,4,2015
OL8771,O8212,74988040,2,2018
OL8924,O6133,64180534,9,2017
OL9182,O1091,23338328,3,2015
OL9562,O2365,53741517,5,2017
